Ticket number,Gender,Nationality
1,Male,Belgium
2,Male,Norway
3,Male,Norway
4,Male,UK
5,Male,France
6,Male,USA
7,Male,Germany
8,Male,Denmark
9,Male,Argentina
10,Female,China
11,Male,Taiwan
12,Male,Norway
13,Male,Norway
14,Male,UK
15,Male,France
16,Male,USA
17,Male,Germany
18,Male,Denmark
19,Male,Poland
20,Female,Norway
21,Male,Norway
22,Male,UK
23,Male,France
24,Male,USA
25,Male,Germany
26,Male,Denmark
27,Male,Serbia
28,Male,Irland
29,Male,Belgium
30,Female,Norway
31,Male,Norway
32,Male,UK
33,Male,France
34,Male,USA
35,Male,Germany
36,Male,Denmark
37,Male,Argentina
38,Male,Norway
39,Male,Norway
40,Female,UK
41,Male,France
42,Male,USA
43,Male,Germany
44,Male,Denmark
45,Male,China
46,Male,Taiwan
47,Male,Poland
48,Male,Norway
49,Male,Norway
50,Female,UK
51,Male,France
52,Male,USA
53,Male,Germany
54,Male,Denmark
55,Male,Serbia
56,Male,Norway
57,Male,Norway
58,Male,UK
59,Male,France
60,Female,USA
61,Male,Germany
62,Male,Denmark
63,Male,Irland
64,Male,Belgium
65,Male,Argentina
66,Male,Norway
67,Male,Norway
68,Male,UK
69,Male,France
70,Female,USA
71,Male,Germany
72,Male,Denmark
73,Male,China
74,Male,Norway
75,Male,Norway
76,Male,UK
77,Male,France
78,Male,USA
79,Male,Germany
80,Female,Denmark
81,Male,Taiwan
82,Male,Poland
83,Male,Serbia
84,Male,Norway
85,Male,Norway
86,Male,UK
87,Male,France
88,Male,USA
89,Male,Germany
90,Female,Denmark
91,Male,Irland
92,Male,Norway
93,Male,Norway
94,Male,UK
95,Male,France
96,Male,USA
97,Male,Germany
98,Male,Denmark
99,Male,Belgium
100,Female,Argentina
101,Male,China
102,Male,Norway
103,Male,Norway
104,Male,UK
105,Male,France
106,Male,USA
107,Male,Germany
108,Male,Denmark
109,Male,Taiwan
110,Female,Norway
111,Male,Norway
112,Male,UK
113,Male,France
114,Male,USA
115,Male,Germany
116,Male,Denmark
117,Male,Poland
118,Male,Serbia
119,Male,Irland
120,Female,Norway
121,Male,Norway
122,Male,UK
123,Male,France
124,Male,USA
125,Male,Germany
126,Male,Denmark
127,Male,Belgium
128,Male,Norway
129,Male,Norway
130,Female,UK
131,Male,France
132,Male,USA
133,Male,Germany
134,Male,Denmark
135,Male,Argentina
136,Male,China
137,Male,Taiwan
138,Male,Norway
139,Male,Norway
140,Female,UK
141,Male,France
142,Male,USA
143,Male,Germany
144,Male,Denmark
145,Male,Poland
146,Male,Norway
147,Male,Norway
148,Male,UK
149,Male,France
150,Female,USA
151,Male,Germany
152,Male,Denmark
153,Male,Serbia
154,Male,Irland
155,Male,Belgium
156,Male,Norway
157,Male,Norway
158,Male,UK
159,Male,France
160,Female,USA
161,Male,Germany
162,Male,Denmark
163,Male,Argentina
164,Male,Norway
165,Male,Norway
166,Male,UK
167,Male,France
168,Male,USA
169,Male,Germany
170,Female,Denmark
171,Male,China
172,Male,Taiwan
173,Male,Poland
174,Male,Norway
175,Male,Norway
176,Male,UK
177,Male,France
178,Male,USA
179,Male,Germany
180,Female,Denmark
181,Male,Serbia
182,Male,Norway
183,Male,Norway
184,Male,UK
185,Male,France
186,Male,USA
187,Male,Germany
188,Male,Denmark
189,Male,Irland
190,Female,Belgium
191,Male,Argentina
192,Male,Norway
193,Male,Norway
194,Male,UK
195,Male,France
196,Male,USA
197,Male,Germany
198,Male,Denmark
199,Male,China
200,Female,Norway
201,Male,Norway
202,Male,UK
203,Male,France
204,Male,USA
205,Male,Germany
206,Male,Denmark
207,Male,Taiwan
208,Male,Poland
209,Male,Serbia
210,Female,Norway
211,Male,Norway
212,Male,UK
213,Male,France
214,Male,USA
215,Male,Germany
216,Male,Denmark
217,Male,Irland
218,Male,Norway
219,Male,Norway
220,Female,UK
221,Male,France
222,Male,USA
223,Male,Germany
224,Male,Denmark
225,Male,Belgium
226,Male,Argentina
227,Male,China
228,Male,Norway
229,Male,Norway
230,Female,UK
231,Male,France
232,Male,USA
233,Male,Germany
234,Male,Denmark
235,Male,Taiwan
236,Male,Norway
237,Male,Norway
238,Male,UK
239,Male,France
240,Female,USA
241,Male,Germany
242,Male,Denmark
243,Male,Poland
244,Male,Serbia
245,Male,Irland
246,Male,Norway
247,Male,Norway
248,Male,UK
249,Male,France
250,Female,USA
251,Male,Germany
252,Male,Denmark
253,Male,Belgium
254,Male,Norway
255,Male,Norway
256,Male,UK
257,Male,France
258,Male,USA
259,Male,Germany
260,Female,Denmark
261,Male,Argentina
262,Male,China
263,Male,Taiwan
264,Male,Norway
265,Male,Norway
266,Male,UK
267,Male,France
268,Male,USA
269,Male,Germany
270,Female,Denmark
271,Male,Poland
272,Male,Norway
273,Male,Norway
274,Male,UK
275,Male,France
276,Male,USA
277,Male,Germany
278,Male,Denmark
279,Male,Serbia
280,Female,Irland
281,Male,Belgium
282,Male,Norway
283,Male,Norway
284,Male,UK
285,Male,France
286,Male,USA
287,Male,Germany
288,Male,Denmark
289,Male,Argentina
290,Female,Norway
291,Male,Norway
292,Male,UK
293,Male,France
294,Male,USA
295,Male,Germany
296,Male,Denmark
297,Male,China
298,Male,Taiwan
299,Male,Poland
300,Female,Norway
301,Male,Norway
302,Male,UK
303,Male,France
304,Male,USA
305,Male,Germany
306,Male,Denmark
307,Male,Serbia
308,Male,Norway
309,Male,Norway
310,Female,UK
311,Male,France
312,Male,USA
313,Male,Germany
314,Male,Denmark
315,Male,Irland
316,Male,Belgium
317,Male,Argentina
318,Male,Norway
319,Male,Norway
320,Female,UK
321,Male,France
322,Male,USA
323,Male,Germany
324,Male,Denmark
325,Male,China
326,Male,Norway
327,Male,Norway
328,Male,UK
329,Male,France
330,Female,USA
331,Male,Germany
332,Male,Denmark
333,Male,Taiwan
334,Male,Poland
335,Male,Serbia
336,Male,Norway
337,Male,Norway
338,Male,UK
339,Male,France
340,Female,USA
341,Male,Germany
342,Male,Denmark
343,Male,Irland
344,Male,Norway
345,Male,Norway
346,Male,UK
347,Male,France
348,Male,USA
349,Male,Germany
350,Female,Denmark
351,Male,Belgium
352,Male,Argentina
353,Male,China
354,Male,Norway
355,Male,Norway
356,Male,UK
357,Male,France
358,Male,USA
359,Male,Germany
360,Female,Denmark
361,Male,Taiwan
362,Male,Norway
363,Male,Norway
364,Male,UK
365,Male,France
366,Male,USA
367,Male,Germany
368,Male,Denmark
369,Male,Poland
370,Female,Serbia
371,Male,Irland
372,Male,Norway
373,Male,Norway
374,Male,UK
375,Male,France
376,Male,USA
377,Male,Germany
378,Male,Denmark
379,Male,Belgium
380,Female,Norway
381,Male,Norway
382,Male,UK
383,Male,France
384,Male,USA
385,Male,Germany
386,Male,Denmark
387,Male,Argentina
388,Male,China
389,Male,Taiwan
390,Female,Norway
391,Male,Norway
392,Male,UK
393,Male,France
394,Male,USA
395,Male,Germany
396,Male,Denmark
397,Male,Poland
398,Male,Norway
399,Male,Norway
400,Female,UK
401,Male,France
402,Male,USA
403,Male,Germany
404,Male,Denmark
405,Male,Serbia
406,Male,Irland
407,Male,Belgium
408,Male,Norway
409,Male,Norway
410,Female,UK
411,Male,France
412,Male,USA
413,Male,Germany
414,Male,Denmark
415,Male,Argentina
416,Male,Norway
417,Male,Norway
418,Male,UK
419,Male,France
420,Female,USA
421,Male,Germany
422,Male,Denmark
423,Male,China
424,Male,Taiwan
425,Male,Poland
426,Male,Norway
427,Male,Norway
428,Male,UK
429,Male,France
430,Female,USA
431,Male,Germany
432,Male,Denmark
433,Male,Serbia
434,Male,Norway
435,Male,Norway
436,Male,UK
437,Male,France
438,Male,USA
439,Male,Germany
440,Female,Denmark
441,Male,Irland
442,Male,Belgium
443,Male,Argentina
444,Male,Norway
445,Male,Norway
446,Male,UK
447,Male,France
448,Male,USA
449,Male,Germany
450,Female,Denmark
451,Male,China
452,Male,Norway
453,Male,Norway
454,Male,UK
455,Male,France
456,Male,USA
457,Male,Germany
458,Male,Denmark
459,Male,Taiwan
460,Female,Poland
461,Male,Serbia
462,Male,Norway
463,Male,Norway
464,Male,UK
465,Male,France
466,Male,USA
467,Male,Germany
468,Male,Denmark
469,Male,Irland
470,Female,Norway
471,Male,Norway
472,Male,UK
473,Male,France
474,Male,USA
475,Male,Germany
476,Male,Denmark
477,Male,Belgium
478,Male,Argentina
479,Male,China
480,Female,Norway
481,Male,Norway
482,Male,UK
483,Male,France
484,Male,USA
485,Male,Germany
486,Male,Denmark
487,Male,Taiwan
488,Male,Norway
489,Male,Norway
490,Female,UK
491,Male,France
492,Male,USA
493,Male,Germany
494,Male,Denmark
495,Male,Poland
496,Male,Serbia
497,Male,Irland
498,Male,Norway
499,Male,Norway
500,Female,UK
501,Male,France
502,Male,USA
503,Male,Germany
504,Male,Denmark
505,Male,Belgium
506,Male,Norway
507,Male,Norway
508,Male,UK
509,Male,France
510,Female,USA
511,Male,Germany
512,Male,Denmark
513,Male,Argentina
514,Male,China
515,Male,Taiwan
516,Male,Norway
517,Male,Norway
518,Male,UK
519,Male,France
520,Female,USA
521,Male,Germany
522,Male,Denmark
523,Male,Poland
524,Male,Norway
525,Male,Norway
526,Male,UK
527,Male,France
528,Male,USA
529,Male,Germany
530,Female,Denmark
531,Male,Serbia
532,Male,Irland
533,Male,Belgium
534,Male,Norway
535,Male,Norway
536,Male,UK
537,Male,France
538,Male,USA
539,Male,Germany
540,Female,Denmark
541,Male,Argentina
542,Male,Norway
543,Male,Norway
544,Male,UK
545,Male,France
546,Male,USA
547,Male,Germany
548,Male,Denmark
549,Male,China
550,Female,Taiwan
551,Male,Poland
552,Male,Norway
553,Male,Norway
554,Male,UK
555,Male,France
556,Male,USA
557,Male,Germany
558,Male,Denmark
559,Male,Serbia
560,Female,Norway
561,Male,Norway
562,Male,UK
563,Male,France
564,Male,USA
565,Male,Germany
566,Male,Denmark
567,Male,Irland
568,Male,Belgium
569,Male,Argentina
570,Female,Norway
571,Male,Norway
572,Male,UK
573,Male,France
574,Male,USA
575,Male,Germany
576,Male,Denmark
577,Male,China
578,Male,Norway
579,Male,Norway
580,Female,UK
581,Male,France
582,Male,USA
583,Male,Germany
584,Male,Denmark
585,Male,Taiwan
586,Male,Poland
587,Male,Serbia
588,Male,Norway
589,Male,Norway
590,Female,UK
591,Male,France
592,Male,USA
593,Male,Germany
594,Male,Denmark
595,Male,Irland
596,Male,Norway
597,Male,Norway
598,Male,UK
599,Male,France
600,Female,USA
601,Male,Germany
602,Male,Denmark
603,Male,Belgium
604,Male,Argentina
605,Male,China
606,Male,Norway
607,Male,Norway
608,Male,UK
609,Male,France
610,Female,USA
611,Male,Germany
612,Male,Denmark
613,Male,Taiwan
614,Male,Norway
615,Male,Norway
616,Male,UK
617,Male,France
618,Male,USA
619,Male,Germany
620,Female,Denmark
621,Male,Poland
622,Male,Serbia
623,Male,Irland
624,Male,Norway
625,Male,Norway
626,Male,UK
627,Male,France
628,Male,USA
629,Male,Germany
630,Female,Denmark
631,Male,Belgium
632,Male,Norway
633,Male,Norway
634,Male,UK
635,Male,France
636,Male,USA
637,Male,Germany
638,Male,Denmark
639,Male,Argentina
640,Female,China
641,Male,Taiwan
642,Male,Norway
643,Male,Norway
644,Male,UK
645,Male,France
646,Male,USA
647,Male,Germany
648,Male,Denmark
649,Male,Poland
650,Female,Norway
651,Male,Norway
652,Male,UK
653,Male,France
654,Male,USA
655,Male,Germany
656,Male,Denmark
657,Male,Serbia
658,Male,Irland
659,Male,Belgium
660,Female,Norway
661,Male,Norway
662,Male,UK
663,Male,France
664,Male,USA
665,Male,Germany
666,Male,Denmark
667,Male,Argentina
668,Male,Norway
669,Male,Norway
670,Female,UK
671,Male,France
672,Male,USA
673,Male,Germany
674,Male,Denmark
675,Male,China
676,Male,Taiwan
677,Male,Poland
678,Male,Norway
679,Male,Norway
680,Female,UK
681,Male,France
682,Male,USA
683,Male,Germany
684,Male,Denmark
685,Male,Serbia
686,Male,Norway
687,Male,Norway
688,Male,UK
689,Male,France
690,Female,USA
691,Male,Germany
692,Male,Denmark
693,Male,Irland
694,Male,Belgium
695,Male,Argentina
696,Male,Norway
697,Male,Norway
698,Male,UK
699,Male,France
700,Female,USA
701,Male,Germany
702,Male,Denmark
703,Male,China
704,Male,Norway
705,Male,Norway
706,Male,UK
707,Male,France
708,Male,USA
709,Male,Germany
710,Female,Denmark
711,Male,Taiwan
712,Male,Poland
713,Male,Serbia
714,Male,Norway
715,Male,Norway
716,Male,UK
717,Male,France
718,Male,USA
719,Male,Germany
720,Female,Denmark
721,Male,Irland
722,Male,Norway
723,Male,Norway
724,Male,UK
725,Male,France
726,Male,USA
727,Male,Germany
728,Male,Denmark
729,Male,Belgium
730,Female,Argentina
731,Male,China
732,Male,Norway
733,Male,Norway
734,Male,UK
735,Male,France
736,Male,USA
737,Male,Germany
738,Male,Denmark
739,Male,Taiwan
740,Female,Norway
741,Male,Norway
742,Male,UK
743,Male,France
744,Male,USA
745,Male,Germany
746,Male,Denmark
747,Male,Poland
748,Male,Serbia
749,Male,Irland
750,Female,Norway
751,Male,Norway
752,Male,UK
753,Male,France
754,Male,USA
755,Male,Germany
756,Male,Denmark
757,Male,Belgium
758,Male,Norway
759,Male,Norway
760,Female,UK
761,Male,France
762,Male,USA
763,Male,Germany
764,Male,Denmark
765,Male,Argentina
766,Male,China
767,Male,Taiwan
768,Male,Norway
769,Male,Norway
770,Female,UK
771,Male,France
772,Male,USA
773,Male,Germany
774,Male,Denmark
775,Male,Poland
776,Male,Norway
777,Male,Norway
778,Male,UK
779,Male,France
780,Female,USA
781,Male,Germany
782,Male,Denmark
783,Male,Serbia
784,Male,Irland
785,Male,Belgium
786,Male,Norway
787,Male,Norway
788,Male,UK
789,Male,France
790,Female,USA
791,Male,Germany
792,Male,Denmark
793,Male,Argentina
794,Male,Norway
795,Male,Norway
796,Male,UK
797,Male,France
798,Male,USA
799,Male,Germany
800,Female,Denmark
801,Male,China
802,Male,Taiwan
803,Male,Poland
804,Male,Norway
805,Male,Norway
806,Male,UK
807,Male,France
808,Male,USA
809,Male,Germany
810,Female,Denmark
811,Male,Serbia
812,Male,Norway
813,Male,Norway
814,Male,UK
815,Male,France
816,Male,USA
817,Male,Germany
818,Male,Denmark
819,Male,Irland
820,Female,Belgium
821,Male,Argentina
822,Male,Norway
823,Male,Norway
824,Male,UK
825,Male,France
826,Male,USA
827,Male,Germany
828,Male,Denmark
829,Male,China
830,Female,Norway
831,Male,Norway
832,Male,UK
833,Male,France
834,Male,USA
835,Male,Germany
836,Male,Denmark
837,Male,Taiwan
838,Male,Poland
839,Male,Serbia
840,Female,Norway
841,Male,Norway
842,Male,UK
843,Male,France
844,Male,USA
845,Male,Germany
846,Male,Denmark
847,Male,Irland
848,Male,Norway
849,Male,Norway
850,Female,UK
851,Male,France
852,Male,USA
853,Male,Germany
854,Male,Denmark
855,Male,Belgium
856,Male,Argentina
857,Male,China
858,Male,Norway
859,Male,Norway
860,Female,UK
861,Male,France
862,Male,USA
863,Male,Germany
864,Male,Denmark
865,Male,Taiwan
866,Male,Norway
867,Male,Norway
868,Male,UK
869,Male,France
870,Female,USA
871,Male,Germany
872,Male,Denmark
873,Male,Poland
874,Male,Serbia
875,Male,Irland
876,Male,Norway
877,Male,Norway
878,Male,UK
879,Male,France
880,Female,USA
881,Male,Germany
882,Male,Denmark
883,Male,Belgium
884,Male,Norway
885,Male,Norway
886,Male,UK
887,Male,France
888,Male,USA
889,Male,Germany
890,Female,Denmark
891,Male,Argentina
892,Male,China
893,Male,Taiwan
894,Male,Norway
895,Male,Norway
896,Male,UK
897,Male,France
898,Male,USA
899,Male,Germany
900,Female,Denmark
901,Male,Poland
902,Male,Norway
903,Male,Norway
904,Male,UK
905,Male,France
906,Male,USA
907,Male,Germany
908,Male,Denmark
909,Male,Serbia
910,Female,Irland
911,Male,Belgium
912,Male,Norway
913,Male,Norway
914,Male,UK
915,Male,France
916,Male,USA
917,Male,Germany
918,Male,Denmark
919,Male,Argentina
920,Female,Norway
921,Male,Norway
922,Male,UK
923,Male,France
924,Male,USA
925,Male,Germany
926,Male,Denmark
927,Male,China
928,Male,Taiwan
929,Male,Poland
930,Female,Norway
931,Male,Norway
932,Male,UK
933,Male,France
934,Male,USA
935,Male,Germany
936,Male,Denmark
937,Male,Serbia
938,Male,Norway
939,Male,Norway
940,Female,UK
941,Male,France
942,Male,USA
943,Male,Germany
944,Male,Denmark
945,Male,Irland
946,Male,Belgium
947,Male,Argentina
948,Male,Norway
949,Male,Norway
950,Female,UK
951,Male,France
952,Male,USA
953,Male,Germany
954,Male,Denmark
955,Male,China
956,Male,Norway
957,Male,Norway
958,Male,UK
959,Male,France
960,Female,USA
961,Male,Germany
962,Male,Denmark
963,Male,Taiwan
964,Male,Poland
965,Male,Serbia
966,Male,Norway
967,Male,Norway
968,Male,UK
969,Male,France
970,Female,USA
971,Male,Germany
972,Male,Denmark
973,Male,Irland
974,Male,Norway
975,Male,Norway
976,Male,UK
977,Male,France
978,Male,USA
979,Male,Germany
980,Female,Denmark
981,Male,Belgium
982,Male,Argentina
983,Male,China
984,Male,Norway
985,Male,Norway
986,Male,UK
987,Male,France
988,Male,USA
989,Male,Germany
990,Female,Denmark
991,Male,Taiwan
992,Male,Norway
993,Male,Norway
994,Male,UK
995,Male,France
996,Male,USA
997,Male,Germany
998,Male,Denmark
999,Male,Poland
1000,Female,Serbia